0,18-05-2022,08:00,,,,
1,18-05-2022,08:30,,,,
2,18-05-2022,09:00,,,,
3,18-05-2022,09:30,,,,
4,18-05-2022,10:00,,,,
5,18-05-2022,10:30,,,,
6,19-05-2022,08:00,1,Mohammad Atieh,,
7,19-05-2022,08:30,,,,
8,19-05-2022,09:00,,,,
9,19-05-2022,09:30,,,,
10,19-05-2022,10:00,,,,
11,19-05-2022,10:30,,,,
12,19-05-2022,11:00,,,,
13,19-05-2022,11:30,,,,
14,19-05-2022,12:00,,,,
15,19-05-2022,12:30,,,,
16,19-05-2022,13:00,,,,
17,19-05-2022,13:30,,,,
18,19-05-2022,14:00,,,,
19,19-05-2022,14:30,,,,
20,19-05-2022,15:00,,,,
21,19-05-2022,15:30,,,,
22,20-05-2022,08:00,,,,
23,20-05-2022,08:30,,,,
24,20-05-2022,09:00,,,,
25,20-05-2022,09:30,,,,
26,20-05-2022,10:00,,,,
27,20-05-2022,10:30,,,,
28,20-05-2022,11:00,,,,
29,20-05-2022,11:30,,,,
30,20-05-2022,12:00,,,,
31,20-05-2022,12:30,,,,
32,20-05-2022,13:00,,,,
33,20-05-2022,13:30,,,,
34,20-05-2022,14:00,,,,
35,20-05-2022,14:30,,,,
36,20-05-2022,15:00,,,,
37,20-05-2022,15:30,,,,
38,23-05-2022,08:00,,,,
39,23-05-2022,08:30,,,,
40,23-05-2022,09:00,,,,
41,23-05-2022,09:30,,,,
42,23-05-2022,10:00,,,,
43,23-05-2022,10:30,,,,
44,23-05-2022,11:00,,,,
45,23-05-2022,11:30,,,,
46,23-05-2022,12:00,,,,
47,23-05-2022,12:30,,,,
48,23-05-2022,13:00,,,,
49,23-05-2022,13:30,,,,
50,23-05-2022,14:00,,,,
51,23-05-2022,14:30,,,,
52,23-05-2022,15:00,,,,
53,23-05-2022,15:30,,,,
54,24-05-2022,08:00,,,,
55,24-05-2022,08:30,,,,
56,24-05-2022,09:00,,,,
57,24-05-2022,09:30,,,,
58,24-05-2022,10:00,,,,
59,24-05-2022,10:30,,,,
60,24-05-2022,11:00,,,,
61,24-05-2022,11:30,,,,
62,24-05-2022,12:00,,,,
63,24-05-2022,12:30,,,,
64,24-05-2022,13:00,,,,
65,24-05-2022,13:30,,,,
66,24-05-2022,14:00,,,,
67,24-05-2022,14:30,,,,
68,24-05-2022,15:00,,,,
69,24-05-2022,15:30,,,,
70,25-05-2022,08:00,,,,
71,25-05-2022,08:30,,,,
72,25-05-2022,09:00,,,,
73,25-05-2022,09:30,,,,
74,25-05-2022,10:00,,,,
75,25-05-2022,10:30,,,,
76,25-05-2022,11:00,,,,
77,25-05-2022,11:30,,,,
78,25-05-2022,12:00,,,,
79,25-05-2022,12:30,,,,
80,25-05-2022,13:00,,,,
81,25-05-2022,13:30,,,,
82,25-05-2022,14:00,,,,
83,25-05-2022,14:30,,,,
84,25-05-2022,15:00,,,,
85,25-05-2022,15:30,,,,
86,26-05-2022,08:00,,,,
87,26-05-2022,08:30,,,,
88,26-05-2022,09:00,,,,
89,26-05-2022,09:30,,,,
90,26-05-2022,10:00,,,,
91,26-05-2022,10:30,,,,
92,26-05-2022,11:00,,,,
93,26-05-2022,11:30,,,,
94,26-05-2022,12:00,,,,
95,26-05-2022,12:30,,,,
96,26-05-2022,13:00,,,,
97,26-05-2022,13:30,,,,
98,26-05-2022,14:00,,,,
99,26-05-2022,14:30,,,,
100,26-05-2022,15:00,,,,
101,26-05-2022,15:30,,,,
102,27-05-2022,08:00,,,,
103,27-05-2022,08:30,,,,
104,27-05-2022,09:00,,,,
105,27-05-2022,09:30,,,,
106,27-05-2022,10:00,,,,
107,27-05-2022,10:30,,,,
108,27-05-2022,11:00,,,,
109,27-05-2022,11:30,,,,
110,27-05-2022,12:00,,,,
111,27-05-2022,12:30,,,,
112,27-05-2022,13:00,,,,
113,27-05-2022,13:30,,,,
114,27-05-2022,14:00,,,,
115,27-05-2022,14:30,,,,
116,27-05-2022,15:00,,,,
117,27-05-2022,15:30,,,,
118,30-05-2022,08:00,,,,
119,30-05-2022,08:30,,,,
120,30-05-2022,09:00,,,,
121,30-05-2022,09:30,,,,
122,30-05-2022,10:00,,,,
123,30-05-2022,10:30,,,,
124,30-05-2022,11:00,,,,
125,30-05-2022,11:30,,,,
126,30-05-2022,12:00,,,,
127,30-05-2022,12:30,,,,
128,30-05-2022,13:00,,,,
129,30-05-2022,13:30,,,,
130,30-05-2022,14:00,,,,
131,30-05-2022,14:30,,,,
132,30-05-2022,15:00,,,,
133,30-05-2022,15:30,,,,
134,31-05-2022,08:00,,,,
135,31-05-2022,08:30,,,,
136,31-05-2022,09:00,,,,
137,31-05-2022,09:30,,,,
138,31-05-2022,10:00,,,,
139,31-05-2022,10:30,,,,
140,31-05-2022,11:00,,,,
141,31-05-2022,11:30,,,,
142,31-05-2022,12:00,,,,
143,31-05-2022,12:30,,,,
144,31-05-2022,13:00,,,,
145,31-05-2022,13:30,,,,
146,31-05-2022,14:00,,,,
147,31-05-2022,14:30,,,,
148,31-05-2022,15:00,,,,
149,31-05-2022,15:30,,,,
150,01-06-2022,08:00,,,,
151,01-06-2022,08:30,,,,
152,01-06-2022,09:00,,,,
153,01-06-2022,09:30,,,,
154,01-06-2022,10:00,,,,
155,01-06-2022,10:30,,,,
156,01-06-2022,11:00,,,,
157,01-06-2022,11:30,,,,
158,01-06-2022,12:00,,,,
159,01-06-2022,12:30,,,,
160,01-06-2022,13:00,,,,
161,01-06-2022,13:30,,,,
162,01-06-2022,14:00,,,,
163,01-06-2022,14:30,,,,
164,01-06-2022,15:00,,,,
165,01-06-2022,15:30,,,,
166,02-06-2022,08:00,,,,
167,02-06-2022,08:30,,,,
168,02-06-2022,09:00,,,,
169,02-06-2022,09:30,,,,
170,02-06-2022,10:00,,,,
171,02-06-2022,10:30,,,,
172,02-06-2022,11:00,,,,
173,02-06-2022,11:30,,,,
174,02-06-2022,12:00,,,,
175,02-06-2022,12:30,,,,
176,02-06-2022,13:00,,,,
177,02-06-2022,13:30,,,,
178,02-06-2022,14:00,,,,
179,02-06-2022,14:30,,,,
180,02-06-2022,15:00,,,,
181,02-06-2022,15:30,,,,
182,03-06-2022,08:00,,,,
183,03-06-2022,08:30,,,,
184,03-06-2022,09:00,,,,
185,03-06-2022,09:30,,,,
186,03-06-2022,10:00,,,,
187,03-06-2022,10:30,,,,
188,03-06-2022,11:00,,,,
189,03-06-2022,11:30,,,,
190,03-06-2022,12:00,,,,
191,03-06-2022,12:30,,,,
192,03-06-2022,13:00,,,,
193,03-06-2022,13:30,,,,
194,03-06-2022,14:00,,,,
195,03-06-2022,14:30,,,,
196,03-06-2022,15:00,,,,
197,03-06-2022,15:30,,,,
198,06-06-2022,08:00,,,,
199,06-06-2022,08:30,,,,
200,06-06-2022,09:00,,,,
201,06-06-2022,09:30,,,,
202,06-06-2022,10:00,,,,
203,06-06-2022,10:30,,,,
204,06-06-2022,11:00,,,,
205,06-06-2022,11:30,,,,
206,06-06-2022,12:00,,,,
207,06-06-2022,12:30,,,,
208,06-06-2022,13:00,,,,
209,06-06-2022,13:30,,,,
210,06-06-2022,14:00,,,,
211,06-06-2022,14:30,,,,
212,06-06-2022,15:00,,,,
213,06-06-2022,15:30,,,,
214,07-06-2022,08:00,,,,
215,07-06-2022,08:30,,,,
216,07-06-2022,09:00,,,,
217,07-06-2022,09:30,,,,
218,07-06-2022,10:00,,,,
219,07-06-2022,10:30,,,,
220,07-06-2022,11:00,,,,
221,07-06-2022,11:30,,,,
222,07-06-2022,12:00,,,,
223,07-06-2022,12:30,,,,
224,07-06-2022,13:00,,,,
225,07-06-2022,13:30,,,,
226,07-06-2022,14:00,,,,
227,07-06-2022,14:30,,,,
228,07-06-2022,15:00,,,,
229,07-06-2022,15:30,,,,
230,08-06-2022,08:00,,,,
231,08-06-2022,08:30,,,,
232,08-06-2022,09:00,,,,
233,08-06-2022,09:30,,,,
234,08-06-2022,10:00,,,,
235,08-06-2022,10:30,,,,
236,08-06-2022,11:00,,,,
237,08-06-2022,11:30,,,,
238,08-06-2022,12:00,,,,
239,08-06-2022,12:30,,,,
240,08-06-2022,13:00,,,,
241,08-06-2022,13:30,,,,
242,08-06-2022,14:00,,,,
243,08-06-2022,14:30,,,,
244,08-06-2022,15:00,,,,
245,08-06-2022,15:30,,,,
246,09-06-2022,08:00,,,,
247,09-06-2022,08:30,,,,
248,09-06-2022,09:00,,,,
249,09-06-2022,09:30,,,,
250,09-06-2022,10:00,,,,
251,09-06-2022,10:30,,,,
252,09-06-2022,11:00,,,,
253,09-06-2022,11:30,,,,
254,09-06-2022,12:00,,,,
255,09-06-2022,12:30,,,,
256,09-06-2022,13:00,,,,
257,09-06-2022,13:30,,,,
258,09-06-2022,14:00,,,,
259,09-06-2022,14:30,,,,
260,09-06-2022,15:00,,,,
261,09-06-2022,15:30,,,,
262,10-06-2022,08:00,,,,
263,10-06-2022,08:30,,,,
264,10-06-2022,09:00,,,,
265,10-06-2022,09:30,,,,
266,10-06-2022,10:00,,,,
267,10-06-2022,10:30,,,,
268,10-06-2022,11:00,,,,
269,10-06-2022,11:30,,,,
270,10-06-2022,12:00,,,,
271,10-06-2022,12:30,,,,
272,10-06-2022,13:00,,,,
273,10-06-2022,13:30,,,,
274,10-06-2022,14:00,,,,
275,10-06-2022,14:30,,,,
276,10-06-2022,15:00,,,,
277,10-06-2022,15:30,,,,
278,13-06-2022,08:00,,,,
279,13-06-2022,08:30,,,,
280,13-06-2022,09:00,,,,
281,13-06-2022,09:30,,,,
282,13-06-2022,10:00,,,,
283,13-06-2022,10:30,,,,
284,13-06-2022,11:00,,,,
285,13-06-2022,11:30,,,,
286,13-06-2022,12:00,,,,
287,13-06-2022,12:30,,,,
288,13-06-2022,13:00,,,,
289,13-06-2022,13:30,,,,
290,13-06-2022,14:00,,,,
291,13-06-2022,14:30,,,,
292,13-06-2022,15:00,,,,
293,13-06-2022,15:30,,,,
294,14-06-2022,08:00,,,,
295,14-06-2022,08:30,,,,
296,14-06-2022,09:00,,,,
297,14-06-2022,09:30,,,,
298,14-06-2022,10:00,,,,
299,14-06-2022,10:30,,,,
300,14-06-2022,11:00,,,,
301,14-06-2022,11:30,,,,
302,14-06-2022,12:00,,,,
303,14-06-2022,12:30,,,,
304,14-06-2022,13:00,,,,
305,14-06-2022,13:30,,,,
306,14-06-2022,14:00,,,,
307,14-06-2022,14:30,,,,
308,14-06-2022,15:00,,,,
309,14-06-2022,15:30,,,,
310,15-06-2022,08:00,,,,
311,15-06-2022,08:30,,,,
312,15-06-2022,09:00,,,,
313,15-06-2022,09:30,,,,
314,15-06-2022,10:00,,,,
315,15-06-2022,10:30,,,,
316,15-06-2022,11:00,,,,
317,15-06-2022,11:30,,,,
318,15-06-2022,12:00,,,,
319,15-06-2022,12:30,,,,
320,15-06-2022,13:00,,,,
321,15-06-2022,13:30,,,,
322,15-06-2022,14:00,,,,
323,15-06-2022,14:30,,,,
324,15-06-2022,15:00,,,,
325,15-06-2022,15:30,,,,
326,16-06-2022,08:00,,,,
327,16-06-2022,08:30,,,,
328,16-06-2022,09:00,,,,
329,16-06-2022,09:30,,,,
330,16-06-2022,10:00,,,,
331,16-06-2022,10:30,,,,
332,16-06-2022,11:00,,,,
333,16-06-2022,11:30,,,,
334,16-06-2022,12:00,,,,
335,16-06-2022,12:30,,,,
336,16-06-2022,13:00,,,,
337,16-06-2022,13:30,,,,
338,16-06-2022,14:00,,,,
339,16-06-2022,14:30,,,,
340,16-06-2022,15:00,,,,
341,16-06-2022,15:30,,,,
